epoch,train_loss,val_loss,val_accuracy
1,0.440099,0.269401,0.865349
2,0.249602,0.221336,0.892667
3,0.216222,0.197868,0.907198
4,0.194905,0.198723,0.902209
5,0.179797,0.172189,0.918526
6,0.168083,0.170518,0.920051
7,0.159008,0.160058,0.925715
8,0.150664,0.150228,0.929592
9,0.143634,0.144946,0.934864
10,0.137492,0.137926,0.936324
11,0.131897,0.148006,0.932577
12,0.127290,0.133313,0.939003
13,0.122627,0.131017,0.938807
14,0.118770,0.128125,0.941247
15,0.115576,0.126022,0.943556
