epoch,train_loss,val_loss,val_accuracy,lr
1,1.309763,1.305564,0.350895,0.000976
2,1.307516,1.305458,0.350895,0.000905
3,1.307135,1.305425,0.350895,0.000794
4,1.306952,1.305108,0.350895,0.000655
5,1.306872,1.305045,0.350895,0.000500
6,1.306797,1.305037,0.347774,0.000345
7,1.306692,1.305027,0.347774,0.000206
8,1.306640,1.305018,0.347774,0.000095
9,1.306586,1.305017,0.347774,0.000024
10,1.306542,1.305036,0.347774,0.000000
